id,name,expire_time
0,Jason Brown,255
1,Jacob Stein,255
2,Cody Brown,255
3,Larry Morales,255
4,Jessica Hendricks,255
5,Brian Moore,255
6,Scott Baker,255
7,Ruth Hoffman,255
8,Daniel George,255
9,David Moody,255
10,Brian Maxwell,255
11,Cory Cooper,255
12,Morgan Foster,255
13,James Sandoval,255
14,Brian Lester,255
15,Anne Davis,255
16,Miss Amanda Harris MD,255
17,Amy Dunn,255
18,Brian Lee,255
19,Kimberly Pratt,255
20,Russell Yang,255
21,Renee Fisher,255
22,Rebecca Castro,255
23,Robert Yoder,255
24,Todd Young,255
25,John Houston,255
26,Matthew Valdez,255
27,Gary Nguyen,255
28,Alexander Poole,255
29,Dean Welch,255
30,Andrew Perez,255
31,Brian Porter,255
32,Aaron Walker,255
33,Lisa Wilson,255
34,Brian Miller,255
35,Nicholas Evans,255
36,Jessica Hernandez,255
37,Teresa Haynes,255
38,Angela Maynard,255
39,Stephanie Gregory,255
40,Phyllis Hess,255
41,Stephen Martin,255
42,Emily Blair,255
43,Hannah Holland,255
44,Adam Hoffman,255
45,Holly Roberts,255
46,Jeffrey Brown,255
47,Sarah Keith,255
48,Sean Weeks,255
49,Tony Lloyd,255
50,Caleb Davidson,255
51,Andrew Patterson,255
52,Joshua Ellis,255
53,Cassandra Lewis,255
54,Sabrina Wallace,255
55,Derek Allison,255
56,Taylor Dawson,255
57,Allison Yoder,255
58,Jo Brown,255
59,Jennifer Mcdowell,255
60,Matthew Fry,255
61,Jose Nolan,255
62,Richard Meza,255
63,Michael Moore PhD,255
64,Philip Anderson,255
65,Joyce Bishop,255
66,Patricia Ali,255
67,Raymond Galvan,255
68,Corey Green,255
69,Dr. Robert White,255
70,Joseph Copeland,255
71,Matthew King,255
72,Jonathan Francis,255
73,Carmen Hardy,255
74,Kendra Andersen,255
75,Jennifer Welch,255
76,Heather Ryan,255
77,Jeff Hays,255
78,Chloe Marshall,255
79,Kimberly Blair,255
80,Frederick Ramirez,255
81,Ariel Williams,255
82,Jim Thompson,255
83,Melissa Walker,255
84,Mason Williams,255
85,Nathan Jackson,255
86,Angela Howard,255
87,Derrick Santiago,255
88,Carrie Craig,255
89,Sean Powell,255
90,Thomas Garcia,255
91,Katherine Davis,255
92,Jennifer Berry,255
93,David Lewis,255
94,Linda Smith,255
95,Robert Garrett,255
96,Parker Kent,255
97,Michelle Logan,255
98,Beverly Baker DVM,255
99,James Decker,255
