id, name, expire_time
8, Hope attention friend peace create each., 7
2, Suffer federal lot next senior statement., 135
2, Course TV music sort base., 63
4, Example vote dog carry., 175
7, Democrat ago stock if end place but., 4
1, Material I accept different south pattern both., 192
4, Attorney collection likely name prove., 42
8, At those clearly resource finish role method., 102
1, Explain bag investment. Number fire read help., 192
9, When hospital civil growth., 220
9, After team upon every pick., 91
5, Choice suffer explain several can partner., 249
6, Later court else., 210
0, Food whole civil former land., 98
2, Less past national role., 94
4, Ask treat left various baby., 120
0, Dinner shake school wonder., 29
9, Eye buy visit change party seat., 138
2, Let certainly within animal result land., 141
3, Modern read economic., 193
3, Claim court special president foot arrive., 158
0, Woman never everyone push., 218
1, Imagine record too simply purpose all., 53
4, Leader truth value find word offer create learn., 154
9, Future although director Mrs., 41
1, Room ground attack., 158
0, Low scene important security difficult cultural., 225
9, Chair subject base against number control book., 147
0, Guess strategy give fill art., 88
8, Agent community by day., 204
5, Pay onto big already., 156
5, Report world kid group improve option mention., 104
4, Health factor voice. Red within finish both., 57
8, Community magazine central together bed like., 110
9, During data hope., 143
9, It again you bit suggest country help., 146
8, Table performance other buy show when., 240
4, Baby system positive finish stock become., 77
8, Age take enough yet miss interest ask., 188
2, Move computer together think present fire., 69
10, Manage remain now after heart save democratic., 142
1, This city among even consider., 225
0, Campaign former when arrive various step laugh., 226
2, Leg option growth method., 22
4, Democratic choose their type follow., 149
9, Owner writer same find save brother factor., 31
3, Majority the speak determine., 15
6, Positive four art girl real., 12
0, With help billion teacher mind evidence image., 113
8, Campaign his sport loss star conference., 178
0, Third run voice production away., 136
7, Back least when situation., 67
3, Threat control minute wind., 173
0, They general single stock very serve., 69
6, Manage character rule concern approach tree., 103
6, New national somebody himself will., 156
10, Citizen chair lose pretty throw despite top., 53
4, Listen drug again statement option must idea., 15
1, Public few book seek election herself., 22
6, Piece hold claim so total service while., 9
0, Charge above choice customer seek peace., 249
1, Laugh build indicate subject figure race., 230
8, Last others trip they building bag., 234
10, Artist three dog., 23
9, Black church half ball shoulder read explain., 215
1, Black suffer mention pull., 106
10, Ball nothing strong answer there., 105
0, Music city begin item issue., 83
7, Than get field body wide whose standard., 7
3, Fire pick sea contain avoid., 19
4, Red sea specific., 95
10, Anything cover modern mind represent., 1
7, Community cost season protect political., 152
9, Activity allow according., 205
0, Test least manager though seat yeah doctor skin., 168
4, Color increase each door officer wall effect., 81
2, Hospital shake above wonder most., 157
10, Left while deal six debate these., 180
1, Property them throw cultural within., 70
10, Customer late carry speech keep event., 32
5, Plant evening page rate best force pretty fly., 7
1, Cost wonder establish., 206
1, So edge indicate often see. System score result., 80
7, Share difference executive agent rather., 60
6, Imagine piece save you every join., 83
1, Sure almost music live learn., 18
0, Produce film wish best week., 153
2, Send by son. Option question group note., 221
1, Voice capital quickly control economy., 251
9, Statement medical yes rule., 59
1, Yet Democrat recent education whatever future., 72
9, Anyone often weight property position her bank., 18
3, Among deep pick run range., 229
6, Seem rule sea involve., 12
9, Support score responsibility., 102
4, Growth cause guess student create if discuss., 197
7, Owner best wish talk. Meet most represent black., 137
8, Recent as skill your., 5
10, Similar with official., 233
8, Focus to treat else., 219
9, Anyone book public. Hope every respond find., 182
6, Season mind between month., 93
9, Authority left away game again check let., 18
3, Through many into attorney high., 39
7, Listen face be present kind mind hard., 182
5, Thank rich ok respond., 164
8, Ever game task kind nearly democratic., 244
4, Kitchen maybe certainly front professor., 94
0, Long our open. Decade speech blue agree., 42
8, Follow edge history only read., 38
0, While someone example cut few thank case., 67
6, Challenge close gun visit card on., 213
10, As tend military she think song., 169
6, Attack hear matter film marriage dream quickly., 119
0, Within must see. Human air wrong foot speak., 170
7, Itself staff chance put., 106
3, Why debate north this partner pay., 161
5, Several near defense tax commercial tend head., 32
9, Head just wife certain address other red., 219
1, Likely safe since same high thousand., 238
10, Very method create hour TV your manage., 235
5, Police really third key., 37
3, Than wife civil bag. Not fight wind step affect., 93
2, Play accept federal red eye home move., 44
5, Minute school lose long determine necessary., 178
0, Administration him moment area., 218
5, No think she need accept between operation., 51
0, Gas wait raise size anything carry analysis., 97
1, Glass point several consider discussion inside., 218
8, Read foot price recognize coach. Old time speech., 1
3, Member traditional bank team., 9
4, Large report number training various., 183
8, Recently training product front college a., 38
10, Three then painting move push occur., 74
6, Where apply difficult body along him., 89
3, Describe major no computer the return., 13
3, Task energy score himself., 112
7, Article property might recent group whatever., 250
8, Game operation hard fire., 2
2, Seven present arrive sound leg fine protect., 58
9, Officer prove reason fine help simple., 77
3, Next work reach picture door., 171
8, Sense close open television agreement., 8
5, Wife mission professional public top., 217
4, Late like suffer agent approach education heavy., 76
7, Even ability themselves price at should perform., 40
4, Apply dream garden support final., 39
5, Buy budget property party feeling teacher charge., 215
8, Consumer a direction. Far Mrs improve explain., 80
1, View low brother soon imagine door hold., 153
2, Use song teach turn fear agent., 178
7, Feel PM player both some cost., 152
6, Leader yourself reason. Term director sell., 174
6, Leave difficult seem his., 64
10, Carry hear begin wear significant maintain., 149
9, Room evening perhaps technology down what media., 165
10, Machine ball seat push unit., 97
9, Best source less this sometimes book do., 221
1, Join forget middle., 70
0, Claim give able body., 86
5, Save give skin not reach foot., 233
10, Recent action price better., 58
2, Yes politics subject effort., 24
10, Face week word may less., 50
0, Just firm road., 221
3, Baby student traditional grow offer science., 192
10, Her six into gas., 45
8, Painting start Congress talk modern., 45
0, Call everything media card what model., 46
7, Article PM conference., 106
0, Seven model ask general. Read win concern sit., 44
1, Early wall want during., 158
6, Peace ability by sign guy., 124
3, Around anyone performance adult appear class., 191
6, Add west issue alone., 30
9, Create tough clear easy film stage read fill., 34
7, Such chance down off. Into not around alone., 45
10, Order talk hard. Care quite west., 92
9, Produce approach thus a write., 16
2, Share table from stay., 176
2, Soon carry game weight health heavy walk., 44
7, Clear such in., 156
9, Wide enter sort put sell firm cultural., 201
5, A response production discover debate adult draw., 222
1, Rather production away now decade tough able., 83
6, Hot year particularly nature., 188
9, If need war movie., 17
2, Lot responsibility doctor., 48
6, Maintain worker matter step raise., 124
0, Car nature important once., 253
9, Onto avoid performance senior., 152
5, Agent do executive whose part., 169
1, Board general school per., 109
0, Military true similar country., 163
1, Daughter fund explain., 241
5, Company why pretty image newspaper music., 83
6, Box product follow five box receive officer lead., 105
9, Very build good she act., 26
7, Receive sure really home., 125
1, Represent student guy include., 62
